item_code,division,product_name
1216D,PTMT & Plastic Fittings,
1216DMATT,PTMT & Plastic Fittings,
1217D,PTMT & Plastic Fittings,
1218D,PTMT & Plastic Fittings,
1218DMATT,PTMT & Plastic Fittings,
1220D,PTMT & Plastic Fittings,
1220DMATT,PTMT & Plastic Fittings,
1222D,PTMT & Plastic Fittings,
1222DMATT,PTMT & Plastic Fittings,
1223D,PTMT & Plastic Fittings,
1224D,PTMT & Plastic Fittings,
1224SD,PTMT & Plastic Fittings,
1224SDMAT,PTMT & Plastic Fittings,
1224XD,PTMT & Plastic Fittings,
1224XDMATT,PTMT & Plastic Fittings,
1225D,PTMT & Plastic Fittings,
1225DMATT,PTMT & Plastic Fittings,
1226D,PTMT & Plastic Fittings,
1226DMATT,PTMT & Plastic Fittings,
1230D,PTMT & Plastic Fittings,
1230DMATT,PTMT & Plastic Fittings,
1232DMAT,PTMT & Plastic Fittings,
1239D,PTMT & Plastic Fittings,
1239DMATT,PTMT & Plastic Fittings,
1240-DMATT,PTMT & Plastic Fittings,
1240D,PTMT & Plastic Fittings,
1242D,PTMT & Plastic Fittings,
1242DMATT,PTMT & Plastic Fittings,
1244D,PTMT & Plastic Fittings,
1244DMATT,PTMT & Plastic Fittings,
1250D,PTMT & Plastic Fittings,
1250DMATT,PTMT & Plastic Fittings,
1250SD,PTMT & Plastic Fittings,
1250SDMATT,PTMT & Plastic Fittings,
1250XD,PTMT & Plastic Fittings,
1250XDMATT,PTMT & Plastic Fittings,
1252D,PTMT & Plastic Fittings,
1252DMATT,PTMT & Plastic Fittings,
1316D,PTMT & Plastic Fittings,
1318D,PTMT & Plastic Fittings,
1324-D,PTMT & Plastic Fittings,
1324-XD,PTMT & Plastic Fittings,
1324D,PTMT & Plastic Fittings,
1332D,PTMT & Plastic Fittings,
1339D,PTMT & Plastic Fittings,
1342D,PTMT & Plastic Fittings,
1344D,PTMT & Plastic Fittings,
1350D,PTMT & Plastic Fittings,
1352-D,PTMT & Plastic Fittings,
322 K,PTMT & Plastic Fittings,"P.V.C. Connection (Single Piece Packing) 15""/375mm"
323 K,PTMT & Plastic Fittings,"P.V.C. Connection (Single Piece Packing) 18""/450mm"
324 K,PTMT & Plastic Fittings,"P.V.C. Connection (Single Piece Packing) 24""/600mm"
325 K,PTMT & Plastic Fittings,"P.V.C. Connection (Single Piece Packing) 30""/750mm"
326 K,PTMT & Plastic Fittings,"P.V.C. Connection (Single Piece Packing) 36""/900mm"
348 K,PTMT & Plastic Fittings,"P.V.C. Connection (Single Piece Packing) 48""/1200mm"
6691,CP Fittings / Faucets,Single Lever Concealed Diverter Bath & Shower 40mm
6692,CP Fittings / Faucets,Single Lever High Flow Concealed Diverter Bath & Shower 46mm
6692-ON-OFF,CP Fittings / Faucets,Single Lever High Flow Concealed Diverter Bath & Shower 46mm (ON-OFF)
6693,CP Fittings / Faucets,Single Lever 3 In Let Concealed Diverter Bath & Shower 46mm
6693-ON-OFF,CP Fittings / Faucets,Single Lever 3 In Let Concealed Diverter Bath & Shower 46mm (ON-OFF)
6891,CP Fittings / Faucets,Single Lever Concealed Diverter Bath & Shower 40mm
6892,CP Fittings / Faucets,Single Lever High Flow Concealed Diverter Bath & Shower 46mm
6892-ON-OFF,CP Fittings / Faucets,Single Lever High Flow Concealed Diverter Bath & Shower 46mm (ON-OFF)
6893,CP Fittings / Faucets,Single Lever 3 In Let Concealed Diverter Bath & Shower 46mm
6893-ON-OFF,CP Fittings / Faucets,Single Lever 3 In Let Concealed Diverter Bath & Shower 46mm (ON-OFF)
7191,CP Fittings / Faucets,Single Lever Concealed Diverter Bath & Shower 40mm
7192,CP Fittings / Faucets,Single Lever High Flow Concealed Diverter Bath & Shower 46mm
7192-ON-OFF,CP Fittings / Faucets,Single Lever High Flow Concealed Diverter Bath & Shower 46mm (ON-OFF)
7193,CP Fittings / Faucets,Single Lever 3 In Let Concealed Diverter Bath & Shower 46mm
7193-ON-OFF,CP Fittings / Faucets,Single Lever 3 In Let Concealed Diverter Bath & Shower 46mm (ON-OFF)
7691,CP Fittings / Faucets,Single Lever Concealed Diverter Bath & Shower 40mm
7692,CP Fittings / Faucets,Single Lever High Flow Concealed Diverter Bath & Shower 46mm
7692-ON-OFF,CP Fittings / Faucets,Single Lever High Flow Concealed Diverter Bath & Shower 46mm (ON-OFF)
7693,CP Fittings / Faucets,Single Lever 3 In Let Concealed Diverter Bath & Shower 46mm
7693-ON-OFF,CP Fittings / Faucets,Single Lever 3 In Let Concealed Diverter Bath & Shower 46mm (ON-OFF)
7891,CP Fittings / Faucets,Single Lever Concealed Diverter Bath & Shower 40mm
7892,CP Fittings / Faucets,Single Lever High Flow Concealed Diverter Bath & Shower 46mm
7892-ON-OFF,CP Fittings / Faucets,Single Lever High Flow Concealed Diverter Bath & Shower 46mm (ON-OFF)
7893,CP Fittings / Faucets,Single Lever 3 In Let Concealed Diverter Bath & Shower 46mm
7893-ON-OFF,CP Fittings / Faucets,Single Lever 3 In Let Concealed Diverter Bath & Shower 46mm (ON-OFF)
7991 F,CP Fittings / Faucets,Single Lever Concealed Diverter Bath & Shower 40mm
7991 F-N,CP Fittings / Faucets,Single Lever Concealed Diverter Bath & Shower 40mm
7992 F,CP Fittings / Faucets,Single Lever High Flow Concealed Diverter Bath & Shower 46mm
7992 F-N,CP Fittings / Faucets,Single Lever High Flow Concealed Diverter Bath & Shower 46mm
7992 F-ON-OFF,CP Fittings / Faucets,Single Lever High Flow Concealed Diverter Bath & Shower 46mm (ON-OFF)
7992 F-ON-OFF-N,CP Fittings / Faucets,Single Lever High Flow Concealed Diverter Bath & Shower 46mm (ON-OFF)
7993 F,CP Fittings / Faucets,Single Lever 3 In Let Concealed Diverter Bath & Shower 46mm
7993 F-N,CP Fittings / Faucets,Single Lever 3 In Let Concealed Diverter Bath & Shower 46mm
7993 F-ON-OFF,CP Fittings / Faucets,Single Lever 3 In Let Concealed Diverter Bath & Shower 46mm (ON-OFF)
7993 F-ON-OFF-N,CP Fittings / Faucets,Single Lever 3 In Let Concealed Diverter Bath & Shower 46mm (ON-OFF)
816D,PTMT & Plastic Fittings,
816DM,PTMT & Plastic Fittings,
818D,PTMT & Plastic Fittings,
818DM,PTMT & Plastic Fittings,
8191,CP Fittings / Faucets,Single Lever Concealed Diverter Bath & Shower 40mm
8192,CP Fittings / Faucets,Single Lever High Flow Concealed Diverter Bath & Shower 46mm
8192-ON-OFF,CP Fittings / Faucets,Single Lever High Flow Concealed Diverter Bath & Shower 46mm (ON-OFF)
8193,CP Fittings / Faucets,Single Lever 3 In Let Concealed Diverter Bath & Shower 46mm
8193-ON-OFF,CP Fittings / Faucets,Single Lever 3 In Let Concealed Diverter Bath & Shower 46mm (ON-OFF)
820D,PTMT & Plastic Fittings,
820DM,PTMT & Plastic Fittings,
822D,PTMT & Plastic Fittings,
822DMATT,PTMT & Plastic Fittings,
824D,PTMT & Plastic Fittings,
824DMATT,PTMT & Plastic Fittings,
824SD,PTMT & Plastic Fittings,
824SDM,PTMT & Plastic Fittings,
824XD,PTMT & Plastic Fittings,
824XDM,PTMT & Plastic Fittings,
839D,PTMT & Plastic Fittings,
839DM,PTMT & Plastic Fittings,
840D,PTMT & Plastic Fittings,
840DM,PTMT & Plastic Fittings,
842D,PTMT & Plastic Fittings,
842DM,PTMT & Plastic Fittings,
850D,PTMT & Plastic Fittings,
850DM,PTMT & Plastic Fittings,
850XD,PTMT & Plastic Fittings,
850XDM,PTMT & Plastic Fittings,
852-D,PTMT & Plastic Fittings,
852DM,PTMT & Plastic Fittings,
8791,CP Fittings / Faucets,Single Lever Concealed Diverter Bath & Shower 40mm
8792,CP Fittings / Faucets,Single Lever High Flow Concealed Diverter Bath & Shower 46mm
8792-ON-OFF,CP Fittings / Faucets,Single Lever High Flow Concealed Diverter Bath & Shower 46mm (ON-OFF)
8793,CP Fittings / Faucets,Single Lever 3 In Let Concealed Diverter Bath & Shower 46mm
8793-ON-OFF,CP Fittings / Faucets,Single Lever 3 In Let Concealed Diverter Bath & Shower 46mm (ON-OFF)
9091,CP Fittings / Faucets,Single Lever Concealed Diverter Bath & Shower 40mm
9092,CP Fittings / Faucets,Single Lever High Flow Concealed Diverter Bath & Shower 46mm
9092-ON-OFF,CP Fittings / Faucets,Single Lever High Flow Concealed Diverter Bath & Shower 46mm (ON-OFF)
9093,CP Fittings / Faucets,Single Lever 3 In Let Concealed Diverter Bath & Shower 46mm
9093-ON-OFF,CP Fittings / Faucets,Single Lever 3 In Let Concealed Diverter Bath & Shower 46mm (ON-OFF)
911D,PTMT & Plastic Fittings,
911DMATT,PTMT & Plastic Fittings,
916D,PTMT & Plastic Fittings,
916DMAT,PTMT & Plastic Fittings,
916MATT,PTMT & Plastic Fittings,
917,PTMT & Plastic Fittings,
918D,PTMT & Plastic Fittings,
918DMATT,PTMT & Plastic Fittings,
920D,PTMT & Plastic Fittings,
920DMATT,PTMT & Plastic Fittings,
922D,PTMT & Plastic Fittings,
922DMATT,PTMT & Plastic Fittings,
923D,PTMT & Plastic Fittings,
924D,PTMT & Plastic Fittings,
924DMATT,PTMT & Plastic Fittings,
924SD,PTMT & Plastic Fittings,
924SDMATT,PTMT & Plastic Fittings,
924XD,PTMT & Plastic Fittings,
924XDMATT,PTMT & Plastic Fittings,
925D,PTMT & Plastic Fittings,
926D,PTMT & Plastic Fittings,
926DMATT,PTMT & Plastic Fittings,
930D,PTMT & Plastic Fittings,
932D,PTMT & Plastic Fittings,
932DMATT,PTMT & Plastic Fittings,
9391,CP Fittings / Faucets,Single Lever Concealed Diverter Bath & Shower 40mm
9392,CP Fittings / Faucets,Single Lever High Flow Concealed Diverter Bath & Shower 46mm
9392-ON-OFF,CP Fittings / Faucets,Single Lever High Flow Concealed Diverter Bath & Shower 46mm (ON-OFF)
9393,CP Fittings / Faucets,Single Lever 3 In Let Concealed Diverter Bath & Shower 46mm
9393-ON-OFF,CP Fittings / Faucets,Single Lever 3 In Let Concealed Diverter Bath & Shower 46mm (ON-OFF)
939D,PTMT & Plastic Fittings,
939DMATT,PTMT & Plastic Fittings,
940D,PTMT & Plastic Fittings,
940DMATT,PTMT & Plastic Fittings,
942D,PTMT & Plastic Fittings,
942DMATT,PTMT & Plastic Fittings,
944D,PTMT & Plastic Fittings,
944DMATT,PTMT & Plastic Fittings,
950D,PTMT & Plastic Fittings,
950DMATT,PTMT & Plastic Fittings,
950SD,PTMT & Plastic Fittings,
950SDMATT,PTMT & Plastic Fittings,
950XD,PTMT & Plastic Fittings,
950XDMATT,PTMT & Plastic Fittings,
952D,PTMT & Plastic Fittings,
952DMATT,PTMT & Plastic Fittings,
BB-79 F,CP Fittings / Faucets,"Exposed Parts (Wall Flange, Handle & Spout)"
C 5211,CP Fittings / Faucets,2-Way Angular Stop Cock with Wall Flange
CH72 F,Pipes & Fittings,Full Turn Concealed Valve 3⁄4 inch TRIANGULER
CH72 QS,Pipes & Fittings,Short Concealed Valve (Quarter Turn) 3⁄4 inch TRIANGULER
CH74 F,Pipes & Fittings,Full Turn Concealed Valve 3⁄4 inch GRACIA
CH74 QS,Pipes & Fittings,Short Concealed Valve (Quarter Turn) 3⁄4 inch GRACIA
CH76 F,Pipes & Fittings,Full Turn Concealed Valve 3⁄4 inch MACASA
CH76 QS,Pipes & Fittings,Short Concealed Valve (Quarter Turn) 3⁄4 inch MACASA
CH78 F,Pipes & Fittings,Full Turn Concealed Valve 3⁄4 inch URBONA
CH78 QS,Pipes & Fittings,Short Concealed Valve (Quarter Turn) 3⁄4 inch URBONA
CH79 F,Pipes & Fittings,Full Turn Concealed Valve 3⁄4 inch SAGA
CH79 QS,Pipes & Fittings,Short Concealed Valve (Quarter Turn) 3⁄4 inch SAGA
CH80 F,Pipes & Fittings,Full Turn Concealed Valve 3⁄4 inch VIVA
CH80 QS,Pipes & Fittings,Short Concealed Valve (Quarter Turn) 3⁄4 inch VIVA
CH82 F,Pipes & Fittings,Full Turn Concealed Valve
CH84 F,Pipes & Fittings,Full Turn Concealed Valve
CH86 F,Pipes & Fittings,Full Turn Concealed Valve
CH88 F,Pipes & Fittings,Full Turn Concealed Valve
CH89 F,Pipes & Fittings,Full Turn Concealed Valve
CH90 F,Pipes & Fittings,Full Turn Concealed Valve
CHA-72F2,Pipes & Fittings,
CHQ-02,Pipes & Fittings,
Cistern,PTMT & Plastic Fittings,
DB-02 L,PTMT & Plastic Fittings,Ball Cock+Ball (ISI)
DB-52-3 IN-N,CP Fittings / Faucets,Exposed Parts (Wall Flange & Handle)
DB-52-3 IN-ON-OFF-N,CP Fittings / Faucets,Exposed Parts (Wall Flange & Handle)
DB-53-3 IN-N,CP Fittings / Faucets,Exposed Parts (Wall Flange & Handle)
DB-53-3 IN-ON-OFF-N,CP Fittings / Faucets,Exposed Parts (Wall Flange & Handle)
DB-54-3 IN-N,CP Fittings / Faucets,Exposed Parts (Wall Flange & Handle)
DB-54-3 IN-ON-OFF-N,CP Fittings / Faucets,Exposed Parts (Wall Flange & Handle)
DB-55-3 IN-N,CP Fittings / Faucets,Exposed Parts (Wall Flange & Handle)
DB-55-3 IN-ON-OFF-N,CP Fittings / Faucets,Exposed Parts (Wall Flange & Handle)
DB-60-3 IN-N,CP Fittings / Faucets,Exposed Parts (Wall Flange & Handle)
DB-60-3 IN-ON-OFF-N,CP Fittings / Faucets,Exposed Parts (Wall Flange & Handle)
DB-61-3 IN-N,CP Fittings / Faucets,Exposed Parts (Wall Flange & Handle)
DB-61-3 IN-ON-OFF-N,CP Fittings / Faucets,Exposed Parts (Wall Flange & Handle)
DB-62-3 IN-N,CP Fittings / Faucets,Exposed Parts (Wall Flange & Handle)
DB-62-3 IN-ON-OFF-N,CP Fittings / Faucets,Exposed Parts (Wall Flange & Handle)
DB-66,CP Fittings / Faucets,Exposed Parts (Wall Flange & Handle)
DB-66-3 IN,CP Fittings / Faucets,Exposed Parts (Wall Flange & Handle)
DB-66-3 IN-N,CP Fittings / Faucets,Exposed Parts (Wall Flange & Handle)
DB-66-3 IN-ON-OFF,CP Fittings / Faucets,Exposed Parts (Wall Flange & Handle)
DB-66-3 IN-ON-OFF-N,CP Fittings / Faucets,Exposed Parts (Wall Flange & Handle)
DB-66-H,CP Fittings / Faucets,Exposed Parts (Wall Flange & Handle)
DB-66-H-ON-OFF,CP Fittings / Faucets,Exposed Parts (Wall Flange & Handle)
DB-68,CP Fittings / Faucets,Exposed Parts (Wall Flange & Handle)
DB-68-3 IN,CP Fittings / Faucets,Exposed Parts (Wall Flange & Handle)
DB-68-3 IN-N,CP Fittings / Faucets,Exposed Parts (Wall Flange & Handle)
DB-68-3 IN-ON-OFF,CP Fittings / Faucets,Exposed Parts (Wall Flange & Handle)
DB-68-3 IN-ON-OFF-N,CP Fittings / Faucets,Exposed Parts (Wall Flange & Handle)
DB-68-H,CP Fittings / Faucets,Exposed Parts (Wall Flange & Handle)
DB-68-H-ON-OFF,CP Fittings / Faucets,Exposed Parts (Wall Flange & Handle)
DB-71,CP Fittings / Faucets,Exposed Parts (Wall Flange & Handle)
DB-71-3 IN,CP Fittings / Faucets,Exposed Parts (Wall Flange & Handle)
DB-71-3 IN-N,CP Fittings / Faucets,Exposed Parts (Wall Flange & Handle)
DB-71-3 IN-ON-OFF,CP Fittings / Faucets,Exposed Parts (Wall Flange & Handle)
DB-71-3 IN-ON-OFF-N,CP Fittings / Faucets,Exposed Parts (Wall Flange & Handle)
DB-71-H,CP Fittings / Faucets,Exposed Parts (Wall Flange & Handle)
DB-71-H-ON-OFF,CP Fittings / Faucets,Exposed Parts (Wall Flange & Handle)
DB-76,CP Fittings / Faucets,Exposed Parts (Wall Flange & Handle)
DB-76-3 IN,CP Fittings / Faucets,Exposed Parts (Wall Flange & Handle)
DB-76-3 IN-N,CP Fittings / Faucets,Exposed Parts (Wall Flange & Handle)
DB-76-3 IN-ON-OFF,CP Fittings / Faucets,Exposed Parts (Wall Flange & Handle)
DB-76-3 IN-ON-OFF-N,CP Fittings / Faucets,Exposed Parts (Wall Flange & Handle)
DB-76-H,CP Fittings / Faucets,Exposed Parts (Wall Flange & Handle)
DB-76-H-ON-OFF,CP Fittings / Faucets,Exposed Parts (Wall Flange & Handle)
DB-78,CP Fittings / Faucets,Exposed Parts (Wall Flange & Handle)
DB-78-3 IN,CP Fittings / Faucets,Exposed Parts (Wall Flange & Handle)
DB-78-3 IN-N,CP Fittings / Faucets,Exposed Parts (Wall Flange & Handle)
DB-78-3 IN-ON-OFF,CP Fittings / Faucets,Exposed Parts (Wall Flange & Handle)
DB-78-3 IN-ON-OFF-N,CP Fittings / Faucets,Exposed Parts (Wall Flange & Handle)
DB-78-H,CP Fittings / Faucets,Exposed Parts (Wall Flange & Handle)
DB-78-H-ON-OFF,CP Fittings / Faucets,Exposed Parts (Wall Flange & Handle)
DB-79 F,CP Fittings / Faucets,Exposed Parts (Wall Flange & Handle)
DB-79 F-3 IN,CP Fittings / Faucets,Exposed Parts (Wall Flange & Handle)
DB-79 F-3 IN-N,CP Fittings / Faucets,Exposed Parts (Wall Flange & Handle)
DB-79 F-3 IN-ON-OFF,CP Fittings / Faucets,Exposed Parts (Wall Flange & Handle)
DB-79 F-3 IN-ON-OFF-N,CP Fittings / Faucets,Exposed Parts (Wall Flange & Handle)
DB-79 F-H,CP Fittings / Faucets,Exposed Parts (Wall Flange & Handle)
DB-79 F-H-N,CP Fittings / Faucets,Exposed Parts (Wall Flange & Handle)
DB-79 F-H-ON-OFF,CP Fittings / Faucets,Exposed Parts (Wall Flange & Handle)
DB-79 F-H-ON-OFF-N,CP Fittings / Faucets,Exposed Parts (Wall Flange & Handle)
DB-79 F-N,CP Fittings / Faucets,Exposed Parts (Wall Flange & Handle)
DB-81,CP Fittings / Faucets,Exposed Parts (Wall Flange & Handle)
DB-81-3 IN,CP Fittings / Faucets,Exposed Parts (Wall Flange & Handle)
DB-81-3 IN-N,CP Fittings / Faucets,Exposed Parts (Wall Flange & Handle)
DB-81-3 IN-ON-OFF,CP Fittings / Faucets,Exposed Parts (Wall Flange & Handle)
DB-81-3 IN-ON-OFF-N,CP Fittings / Faucets,Exposed Parts (Wall Flange & Handle)
DB-81-H,CP Fittings / Faucets,Exposed Parts (Wall Flange & Handle)
DB-81-H-ON-OFF,CP Fittings / Faucets,Exposed Parts (Wall Flange & Handle)
DB-87,CP Fittings / Faucets,Exposed Parts (Wall Flange & Handle)
DB-87-3 IN,CP Fittings / Faucets,Exposed Parts (Wall Flange & Handle)
DB-87-3 IN-N,CP Fittings / Faucets,Exposed Parts (Wall Flange & Handle)
DB-87-3 IN-ON-OFF,CP Fittings / Faucets,Exposed Parts (Wall Flange & Handle)
DB-87-3 IN-ON-OFF-N,CP Fittings / Faucets,Exposed Parts (Wall Flange & Handle)
DB-87-H,CP Fittings / Faucets,Exposed Parts (Wall Flange & Handle)
DB-87-H-ON-OFF,CP Fittings / Faucets,Exposed Parts (Wall Flange & Handle)
DB-89-3 IN-N,CP Fittings / Faucets,Exposed Parts (Wall Flange & Handle)
DB-89-3 IN-ON-OFF-N,CP Fittings / Faucets,Exposed Parts (Wall Flange & Handle)
DB-90,CP Fittings / Faucets,Exposed Parts (Wall Flange & Handle)
DB-90-3 IN,CP Fittings / Faucets,Exposed Parts (Wall Flange & Handle)
DB-90-3 IN-N,CP Fittings / Faucets,Exposed Parts (Wall Flange & Handle)
DB-90-3 IN-ON-OFF,CP Fittings / Faucets,Exposed Parts (Wall Flange & Handle)
DB-90-3 IN-ON-OFF-N,CP Fittings / Faucets,Exposed Parts (Wall Flange & Handle)
DB-90-H,CP Fittings / Faucets,Exposed Parts (Wall Flange & Handle)
DB-90-H-ON-OFF,CP Fittings / Faucets,Exposed Parts (Wall Flange & Handle)
DB-93,CP Fittings / Faucets,Exposed Parts (Wall Flange & Handle)
DB-93-3 IN,CP Fittings / Faucets,Exposed Parts (Wall Flange & Handle)
DB-93-3 IN-N,CP Fittings / Faucets,Exposed Parts (Wall Flange & Handle)
DB-93-3 IN-ON-OFF,CP Fittings / Faucets,Exposed Parts (Wall Flange & Handle)
DB-93-3 IN-ON-OFF-N,CP Fittings / Faucets,Exposed Parts (Wall Flange & Handle)
DB-93-H,CP Fittings / Faucets,Exposed Parts (Wall Flange & Handle)
DB-93-H-ON-OFF,CP Fittings / Faucets,Exposed Parts (Wall Flange & Handle)
DB-P66,CP Fittings / Faucets,Exposed Parts (Wall Flange & Handle)
DB-P66-3 IN,CP Fittings / Faucets,Exposed Parts (Wall Flange & Handle)
DB-P66-3 IN-N,CP Fittings / Faucets,Exposed Parts (Wall Flange & Handle)
DB-P66-3 IN-ON-OFF,CP Fittings / Faucets,Exposed Parts (Wall Flange & Handle)
DB-P66-3 IN-ON-OFF-N,CP Fittings / Faucets,Exposed Parts (Wall Flange & Handle)
DB-P66-H,CP Fittings / Faucets,Exposed Parts (Wall Flange & Handle)
DB-P66-H-ON-OFF,CP Fittings / Faucets,Exposed Parts (Wall Flange & Handle)
DSR- PVC03,Hardware,"Door Silencer 3"" White PVC"
DSR- RB03,Hardware,"Door Silencer 3"" Brown Rubber"
EP-BSBS,Hardware,Door Eye Viewer BSBS- Full Gold
EP-Ganesha,Hardware,Door Eye Viewer New Ganesha Antique
EP-IMP,Hardware,Door Eye Viewer IMP- Silver Crome
FT- 73,PTMT & Plastic Fittings,Square Trap - 101x101mm
FT-02 M,PTMT & Plastic Fittings,"Floor Traps 3 "" (80mm)"
FT-02MATT,PTMT & Plastic Fittings,
FT-03 M,PTMT & Plastic Fittings,"Floor Traps 4 "" (102mm)"
FT-03MATT,PTMT & Plastic Fittings,
FT-04 M,PTMT & Plastic Fittings,"Floor Traps 4 "" (102mm) with Waste Hole"
FT-04MATT,PTMT & Plastic Fittings,
FT-05 M,PTMT & Plastic Fittings,"Square Trap - 4 1/2"" (114mm)"
FT-06 M,PTMT & Plastic Fittings,"Floor Trap - 4 1/2"" (114mm) with Waste Hole"
FT-06MATT,PTMT & Plastic Fittings,
FT-07 M,PTMT & Plastic Fittings,"Floor Trap - 5 "" (127mm)"
FT-07MATT,PTMT & Plastic Fittings,
FT-08 M,PTMT & Plastic Fittings,"Floor Trap - 5 "" (127mm) with Waste Hole"
FT-08MATT,PTMT & Plastic Fittings,
FT-20 M,PTMT & Plastic Fittings,Cockroach Trap - Round (DIA 101mm)
FT-20MATT,PTMT & Plastic Fittings,
FT-21 M,PTMT & Plastic Fittings,Cockroach Trap - 101X101mm
FT-21MATT,PTMT & Plastic Fittings,
FT-22 M,PTMT & Plastic Fittings,Cockroach Trap - Round (DIA 101mm) with Waste Hole
FT-23 M,PTMT & Plastic Fittings,Cockroach Trap - 101X101mm with Waste Hole
FT-24 M,PTMT & Plastic Fittings,Cockroach Trap - 127X127mm
FT-24MATT,PTMT & Plastic Fittings,
FT-25 M,PTMT & Plastic Fittings,Cockroach Trap - 127X127mm With Waste Hole
FT-27 M,PTMT & Plastic Fittings,Cockroach Trap - Round (DIA 127mm)
FT-27MATT,PTMT & Plastic Fittings,
FT-28 M,PTMT & Plastic Fittings,Cockroach Trap - Round (DIA 127mm) with Waste Hole
FT-28MATT,PTMT & Plastic Fittings,
FT-29 M,PTMT & Plastic Fittings,Cockroach Trap - 150X150mm with Flat Border
FT-29MATT,PTMT & Plastic Fittings,
FT-30 M,PTMT & Plastic Fittings,Cockroach Trap - 150X150mm with Waste Hole/Flat Border
FT-30MATT,PTMT & Plastic Fittings,
FT-31 M,PTMT & Plastic Fittings,Square Trap - 150x150mm with 5mm Border
FT-32 M,PTMT & Plastic Fittings,Square Trap - 150x150mm with 5mm Border & Waste Hole
FT-32MATT,PTMT & Plastic Fittings,
FT-45 M,PTMT & Plastic Fittings,Square Trap - 150 x 150mm
FT-45MATT,PTMT & Plastic Fittings,
FT-52 M,PTMT & Plastic Fittings,"Verticle Grating - 4 "" (100 x 100mm)"
FT-53 M,PTMT & Plastic Fittings,"Verticle Grating - 5 "" (125 X125mm)"
FT-54 M,PTMT & Plastic Fittings,"Verticle Grating - 6 "" (150 x 150mm)"
FT-54MATT,PTMT & Plastic Fittings,
FT-61 M,PTMT & Plastic Fittings,"Grating - 3"" 80mm"
FT-62 M,PTMT & Plastic Fittings,"Grating - 4"" 102mm"
FT-63 M,PTMT & Plastic Fittings,"Grating - 4"" 102mm with Hole"
FT-64 M,PTMT & Plastic Fittings,"Grating - 5"" 127mm"
FT-64MATT,PTMT & Plastic Fittings,
FT-65 M,PTMT & Plastic Fittings,"Grating - 5"" (127mm) with Waste Hole"
FT-65MATT,PTMT & Plastic Fittings,
FT-70 M,PTMT & Plastic Fittings,"Cockroach Trap - 4"" (101 mm)"
FT-71 M,PTMT & Plastic Fittings,"Round Trap - 5"" (127mm)"
FT-72 M,PTMT & Plastic Fittings,"Round Trap - 5"" (127mm) with Waste Hole"
FT-72MATT,PTMT & Plastic Fittings,
FT-73 M,PTMT & Plastic Fittings,Square Trap - 101x101mm
FT-73MATT,PTMT & Plastic Fittings,
FT-74 M,PTMT & Plastic Fittings,Square Trap - 127 X 127mm
FT-74MATT,PTMT & Plastic Fittings,
FT-75 M,PTMT & Plastic Fittings,Square Trap - 127 x 127mm with Waste Hole
FT-75MATT,PTMT & Plastic Fittings,
FT-76 M,PTMT & Plastic Fittings,Square Trap - Flat Border (150 x 150mm)
FT-77 M,PTMT & Plastic Fittings,Square Trap - Flat Border (150 x 150mm) with Waste Hole
FT-77MATT,PTMT & Plastic Fittings,
FT-78 M,PTMT & Plastic Fittings,Square Trap - (5mm Border) 150 x 150mm
FT-78MATT,PTMT & Plastic Fittings,
FT-79 M,PTMT & Plastic Fittings,Square Trap - (5mm Border) 150 x 150 mm with Waste Hole
FT-79MATT,PTMT & Plastic Fittings,
H817D,PTMT & Plastic Fittings,
H817DD,PTMT & Plastic Fittings,
H821D,PTMT & Plastic Fittings,
H821DD,PTMT & Plastic Fittings,
H826D,PTMT & Plastic Fittings,
H826DD,PTMT & Plastic Fittings,
H843D,PTMT & Plastic Fittings,
H843DD,PTMT & Plastic Fittings,
H852D,PTMT & Plastic Fittings,
H852DD,PTMT & Plastic Fittings,
ITEM CODE,Pipes & Fittings,ITEM NAME
ITEMCODE,Pipes & Fittings,
P6691,CP Fittings / Faucets,Single Lever Concealed Diverter Bath & Shower 40mm
P6692,CP Fittings / Faucets,Single Lever High Flow Concealed Diverter Bath & Shower 46mm
P6692-ON-OFF,CP Fittings / Faucets,Single Lever High Flow Concealed Diverter Bath & Shower 46mm (ON-OFF)
P6693,CP Fittings / Faucets,Single Lever 3 In Let Concealed Diverter Bath & Shower 46mm
P6693-ON-OFF,CP Fittings / Faucets,Single Lever 3 In Let Concealed Diverter Bath & Shower 46mm (ON-OFF)
PD-3 IN,CP Fittings / Faucets,"3 In Let Concealed Diverter Body 46mm (Cartridge, Sleeve, Tipton Assembly)"
PD-3 IN-N,CP Fittings / Faucets,"3 In Let Concealed Diverter Body 46mm (Cartridge, Sleeve, Tipton Assembly)"
PD-3 IN-ON-OFF,CP Fittings / Faucets,"3 In Let Concealed Diverter Body 46mm (Cartridge, Sleeve, On-Off Assembly)"
PD-3 IN-ON-OFF-N,CP Fittings / Faucets,"3 In Let Concealed Diverter Body 46mm (Cartridge, Sleeve, On-Off Assembly)"
PD-40-F,CP Fittings / Faucets,"Concealed Diverter Body 40mm (Cartridge, Sleeve, Tipton Assembly)"
PD-46-H,CP Fittings / Faucets,"High Flow Concealed Diverter Body 46mm (Cartridge, Sleeve, Tipton Assembly)"
PD-46-H-ON-OFF,CP Fittings / Faucets,"High Flow Concealed Diverter Body 46mm (Cartridge, Sleeve, On-Off Assembly)"
PD1106,Pipes & Fittings,PP DRAINAGE SOCKET PLUG WITH LOCK
PD1606,Pipes & Fittings,PP DRAINAGE SOCKET PLUG
PD5157,Pipes & Fittings,PP DRAINAGE REDUCER BUSH
PD5163,Pipes & Fittings,PP DRAINAGE NAHANI TRAP
PD5171,Pipes & Fittings,PP DRAINAGE P-TRAP
PD5656,Pipes & Fittings,PP DRAINAGE REDUCER BUSH
PD5657,Pipes & Fittings,PP DRAINAGE REDUCER BUSH
PD5763,Pipes & Fittings,PP DRAINAGE NAHANI TRAP
PD5771,Pipes & Fittings,PP DRAINAGE P-TRAP
PD7506,Pipes & Fittings,PP DRAINAGE SOCKET PLUG WITH LOCK
PFT-1,PTMT & Plastic Fittings,
PFT-10,PTMT & Plastic Fittings,
PFT-11,PTMT & Plastic Fittings,
PFT-13,PTMT & Plastic Fittings,
PFT-14,PTMT & Plastic Fittings,
PFT-15,PTMT & Plastic Fittings,
PFT-16,PTMT & Plastic Fittings,
PFT-17,PTMT & Plastic Fittings,
PFT-18,PTMT & Plastic Fittings,
PFT-2,PTMT & Plastic Fittings,
PFT-20,PTMT & Plastic Fittings,
PFT-21,PTMT & Plastic Fittings,
PFT-22,PTMT & Plastic Fittings,
PFT-23,PTMT & Plastic Fittings,
PFT-24,PTMT & Plastic Fittings,
PFT-25,PTMT & Plastic Fittings,
PFT-26,PTMT & Plastic Fittings,
PFT-27,PTMT & Plastic Fittings,
PFT-28,PTMT & Plastic Fittings,
PFT-29,PTMT & Plastic Fittings,
PFT-3,PTMT & Plastic Fittings,
PFT-30,PTMT & Plastic Fittings,
PFT-31,PTMT & Plastic Fittings,
PFT-4,PTMT & Plastic Fittings,
PFT-5,PTMT & Plastic Fittings,
PFT-6,PTMT & Plastic Fittings,
PFT-7,PTMT & Plastic Fittings,
PFT-8,PTMT & Plastic Fittings,
PFT-9,PTMT & Plastic Fittings,
PS5656,Pipes & Fittings,PP SILENT REDUCER BUSH
PS5771,Pipes & Fittings,PP SILENT P-TRAP
PSS1106,Pipes & Fittings,PP SUPER SILENT SOCKET PLUG WITH LOCK
PSS1606,Pipes & Fittings,PP SUPER SILENT SOCKET PLUG
PSS5157,Pipes & Fittings,PP SUPER SILENT REDUCER BUSH
PSS5163,Pipes & Fittings,PP SUPER SILENT NAHANI TRAP
PSS5171,Pipes & Fittings,PP SUPER SILENT P-TRAP
PSS5656,Pipes & Fittings,PP SUPER SILENT REDUCER BUSH
PSS5657,Pipes & Fittings,PP SUPER SILENT REDUCER BUSH
PSS5763,Pipes & Fittings,PP SUPER SILENT NAHANI TRAP
PSS5771,Pipes & Fittings,PP SUPER SILENT P-TRAP
PSS7506,Pipes & Fittings,PP SUPER SILENT SOCKET PLUG WITH LOCK
PU-1 T,Pipes & Fittings,Pipe SCH 80 (Threaded End) (3 MTR) 1⁄2 inch 15 mm
PU-1 TS,Pipes & Fittings,Pipe SCH 80 (Threaded End) (6 MTR) 1⁄2 inch 15 mm
PU-2 T,Pipes & Fittings,Pipe SCH 80 (Threaded End) (3 MTR) 3⁄4 inch 20 mm
PU-2 TS,Pipes & Fittings,Pipe SCH 80 (Threaded End) (6 MTR) 3⁄4 inch 20 mm
PU-3 T,Pipes & Fittings,Pipe SCH 80 (Threaded End) (3 MTR) 1 inch 25 mm
PU-3 TS,Pipes & Fittings,Pipe SCH 80 (Threaded End) (6 MTR) 1 inch 25 mm
PU-4 T,Pipes & Fittings,Pipe SCH 80 (Threaded End) (3 MTR) 1 1⁄4 inch 32 mm
PU-4 TS,Pipes & Fittings,Pipe SCH 80 (Threaded End) (6 MTR) 1 1⁄4 inch 32 mm
PU-5 T,Pipes & Fittings,Pipe SCH 80 (Threaded End) (3 MTR) 1 1⁄2 inch 40 mm
PU-5 TS,Pipes & Fittings,Pipe SCH 80 (Threaded End) (6 MTR) 1 1⁄2 inch 40 mm
PU-6 T,Pipes & Fittings,Pipe SCH 80 (Threaded End) (3 MTR) 2 inch 50 mm
PU-6 TS,Pipes & Fittings,Pipe SCH 80 (Threaded End) (6 MTR) 2 inch 50 mm
PW 100,Pipes & Fittings,"SWR PIPE TYPE ""A"" 4 Feet 90 mm"
PW 11,Pipes & Fittings,"SWR PIPE TYPE ""A"" 3 Meter 110 mm"
PW 12,Pipes & Fittings,"SWR PIPE TYPE ""A"" 3 Meter 110 mm"
PW 13,Pipes & Fittings,"SWR PIPE TYPE ""A"" 6 Meter 110 mm"
PW 14,Pipes & Fittings,"SWR PIPE TYPE ""A"" 6 Meter 110 mm"
PW 15,Pipes & Fittings,"SWR PIPE TYPE ""A"" 2 Feet 110 mm"
PW 16,Pipes & Fittings,"SWR PIPE TYPE ""A"" 3 Feet 110 mm"
PW 17,Pipes & Fittings,"SWR PIPE TYPE ""A"" 4 Feet 110 mm"
PW 18,Pipes & Fittings,"SWR PIPE TYPE ""A"" 6 Feet 110 mm"
PW 19,Pipes & Fittings,"SWR PIPE TYPE ""A"" 6 Feet 110 mm"
PW 20,Pipes & Fittings,"SWR PIPE TYPE ""A"" 4 Feet 110 mm"
PW 21,Pipes & Fittings,"SWR PIPE TYPE ""B"" 3 Meter 110 mm"
PW 22,Pipes & Fittings,"SWR PIPE TYPE ""B"" 3 Meter 110 mm"
PW 23,Pipes & Fittings,"SWR PIPE TYPE ""B"" 6 Meter 110 mm"
PW 24,Pipes & Fittings,"SWR PIPE TYPE ""B"" 6 Meter 110 mm"
PW 25,Pipes & Fittings,"SWR PIPE TYPE ""B"" 2 Feet 110 mm"
PW 26,Pipes & Fittings,"SWR PIPE TYPE ""B"" 3 Feet 110 mm"
PW 27,Pipes & Fittings,"SWR PIPE TYPE ""B"" 4 Feet 110 mm"
PW 28,Pipes & Fittings,"SWR PIPE TYPE ""B"" 6 Feet 110 mm"
PW 29,Pipes & Fittings,"SWR PIPE TYPE ""B"" 6 Feet 110 mm"
PW 30,Pipes & Fittings,"SWR PIPE TYPE ""B"" 4 Feet 110 mm"
PW 31,Pipes & Fittings,"SWR PIPE TYPE ""B"" 3 Meter 75 mm"
PW 32,Pipes & Fittings,"SWR PIPE TYPE ""B"" 3 Meter 75 mm"
PW 33,Pipes & Fittings,"SWR PIPE TYPE ""B"" 6 Meter 75 mm"
PW 34,Pipes & Fittings,"SWR PIPE TYPE ""B"" 6 Meter 75 mm"
PW 35,Pipes & Fittings,"SWR PIPE TYPE ""B"" 2 Feet 75 mm"
PW 36,Pipes & Fittings,"SWR PIPE TYPE ""B"" 3 Feet 75 mm"
PW 37,Pipes & Fittings,"SWR PIPE TYPE ""B"" 4 Feet 75 mm"
PW 38,Pipes & Fittings,"SWR PIPE TYPE ""B"" 6 Feet 75 mm"
PW 39,Pipes & Fittings,"SWR PIPE TYPE ""B"" 6 Feet 75 mm"
PW 40,Pipes & Fittings,"SWR PIPE TYPE ""B"" 4 Feet 75 mm"
PW 51,Pipes & Fittings,"SWR PIPE TYPE ""B"" 3 Meter 160 mm"
PW 52,Pipes & Fittings,"SWR PIPE TYPE ""B"" 3 Meter 160 mm"
PW 53,Pipes & Fittings,"SWR PIPE TYPE ""B"" 6 Meter 160 mm"
PW 54,Pipes & Fittings,"SWR PIPE TYPE ""B"" 6 Meter 160 mm"
PW 55,Pipes & Fittings,"SWR PIPE TYPE ""B"" 2 Feet 160 mm"
PW 56,Pipes & Fittings,"SWR PIPE TYPE ""B"" 3 Feet 160 mm"
PW 57,Pipes & Fittings,"SWR PIPE TYPE ""B"" 4 Feet 160 mm"
PW 58,Pipes & Fittings,"SWR PIPE TYPE ""B"" 6 Feet 160 mm"
PW 59,Pipes & Fittings,"SWR PIPE TYPE ""B"" 6 Feet 160 mm"
PW 60,Pipes & Fittings,"SWR PIPE TYPE ""B"" 4 Feet 160 mm"
PW 61,Pipes & Fittings,"SWR PIPE TYPE ""A"" 3 Meter 160 mm"
PW 62,Pipes & Fittings,"SWR PIPE TYPE ""A"" 3 Meter 160 mm"
PW 63,Pipes & Fittings,"SWR PIPE TYPE ""A"" 6 Meter 160 mm"
PW 64,Pipes & Fittings,"SWR PIPE TYPE ""A"" 6 Meter 160 mm"
PW 65,Pipes & Fittings,"SWR PIPE TYPE ""A"" 2 Feet 160 mm"
PW 66,Pipes & Fittings,"SWR PIPE TYPE ""A"" 3 Feet 160 mm"
PW 67,Pipes & Fittings,"SWR PIPE TYPE ""A"" 4 Feet 160 mm"
PW 68,Pipes & Fittings,"SWR PIPE TYPE ""A"" 6 Feet 160 mm"
PW 69,Pipes & Fittings,"SWR PIPE TYPE ""A"" 6 Feet 160 mm"
PW 70,Pipes & Fittings,"SWR PIPE TYPE ""A"" 4 Feet 160 mm"
PW 71,Pipes & Fittings,"SWR PIPE TYPE ""A"" 3 Meter 75 mm"
PW 72,Pipes & Fittings,"SWR PIPE TYPE ""A"" 3 Meter 75 mm"
PW 73,Pipes & Fittings,"SWR PIPE TYPE ""A"" 6 Meter 75 mm"
PW 74,Pipes & Fittings,"SWR PIPE TYPE ""A"" 6 Meter 75 mm"
PW 75,Pipes & Fittings,"SWR PIPE TYPE ""A"" 2 Feet 75 mm"
PW 76,Pipes & Fittings,"SWR PIPE TYPE ""A"" 3 Feet 75 mm"
PW 77,Pipes & Fittings,"SWR PIPE TYPE ""A"" 4 Feet 75 mm"
PW 78,Pipes & Fittings,"SWR PIPE TYPE ""A"" 6 Feet 75 mm"
PW 79,Pipes & Fittings,"SWR PIPE TYPE ""A"" 6 Feet 75 mm"
PW 80,Pipes & Fittings,"SWR PIPE TYPE ""A"" 4 Feet 75 mm"
PW 81,Pipes & Fittings,"SWR PIPE TYPE ""B"" 3 Meter 90 mm"
PW 82,Pipes & Fittings,"SWR PIPE TYPE ""B"" 3 Meter 90 mm"
PW 83,Pipes & Fittings,"SWR PIPE TYPE ""B"" 6 Meter 90 mm"
PW 84,Pipes & Fittings,"SWR PIPE TYPE ""B"" 6 Meter 90 mm"
PW 85,Pipes & Fittings,"SWR PIPE TYPE ""B"" 2 Feet 90 mm"
PW 86,Pipes & Fittings,"SWR PIPE TYPE ""B"" 3 Feet 90 mm"
PW 87,Pipes & Fittings,"SWR PIPE TYPE ""B"" 4 Feet 90 mm"
PW 88,Pipes & Fittings,"SWR PIPE TYPE ""B"" 6 Feet 90 mm"
PW 89,Pipes & Fittings,"SWR PIPE TYPE ""B"" 6 Feet 90 mm"
PW 90,Pipes & Fittings,"SWR PIPE TYPE ""B"" 4 Feet 90 mm"
PW 91,Pipes & Fittings,"SWR PIPE TYPE ""A"" 3 Meter 90 mm"
PW 92,Pipes & Fittings,"SWR PIPE TYPE ""A"" 3 Meter 90 mm"
PW 93,Pipes & Fittings,"SWR PIPE TYPE ""A"" 6 Meter 90 mm"
PW 94,Pipes & Fittings,"SWR PIPE TYPE ""A"" 6 Meter 90 mm"
PW 95,Pipes & Fittings,"SWR PIPE TYPE ""A"" 2 Feet 90 mm"
PW 96,Pipes & Fittings,"SWR PIPE TYPE ""A"" 3 Feet 90 mm"
PW 97,Pipes & Fittings,"SWR PIPE TYPE ""A"" 4 Feet 90 mm"
PW 98,Pipes & Fittings,"SWR PIPE TYPE ""A"" 6 Feet 90 mm"
PW 99,Pipes & Fittings,"SWR PIPE TYPE ""A"" 6 Feet 90 mm"
SA-05,PTMT & Plastic Fittings,
TOTAL,Pipes & Fittings,
TTS - 01,PTMT & Plastic Fittings,Teflon Thread Seal (10 mtr. L) 12mm
TTS - 02,PTMT & Plastic Fittings,Teflon Thread Seal (10 mtr. L) 19mm
TTS - 03,PTMT & Plastic Fittings,Teflon Thread Seal (10 mtr. L) 12mm
U21 T,Pipes & Fittings,Ball Valve Threaded Butterfly Handle (SCH-80) 1⁄2 inch 15 mm
U22 N,Pipes & Fittings,Ball Valve Butterfly Handle (SCH-80) 3⁄4 inch 20 mm
U22 NL,Pipes & Fittings,Ball Valve Long Lever Handle (SCH-80) 3⁄4 inch 20 mm
U22 T,Pipes & Fittings,Ball Valve Threaded Butterfly Handle (SCH-80) 3⁄4 inch 20 mm
U23 N,Pipes & Fittings,Ball Valve Butterfly Handle (SCH-80) 1 inch 25 mm
U23 NL,Pipes & Fittings,Ball Valve Long Lever Handle (SCH-80) 1 inch 25 mm
U23 T,Pipes & Fittings,Ball Valve Threaded Butterfly Handle (SCH-80) 1 inch 25 mm
U24 N,Pipes & Fittings,Ball Valve Butterfly Handle (SCH-80) 1 1⁄4 inch 32 mm
U24 NL,Pipes & Fittings,Ball Valve Long Lever Handle (SCH-80) 1 1⁄4 inch 32 mm
U24 T,Pipes & Fittings,Ball Valve Threaded Butterfly Handle (SCH-80) 1 1⁄4 inch 32 mm
U25 N,Pipes & Fittings,Ball Valve Butterfly Handle (SCH-80) 1 1⁄2 inch 40 mm
U25 NL,Pipes & Fittings,Ball Valve Long Lever Handle (SCH-80) 1 1⁄2 inch 40 mm
U25 T,Pipes & Fittings,Ball Valve Threaded Butterfly Handle (SCH-80) 1 1⁄2 inch 40 mm
U26 N,Pipes & Fittings,Ball Valve Butterfly Handle (SCH-80) 2 inch 50 mm
U26 NL,Pipes & Fittings,Ball Valve Long Lever Handle (SCH-80) 2 inch 50 mm
U26 T,Pipes & Fittings,Ball Valve Threaded Butterfly Handle (SCH-80) 2 inch 50 mm
UH72,Pipes & Fittings,
UH76,Pipes & Fittings,

